date,coin,event,detail
2026-10-06,BTC,REGIME,"BTC above 50-day average, no new shorts"
2026-10-06,BTC,ENTER,"3 contract(s) @ 85597.8, stop 81465.7, risk $124 (2.5%)"
2026-10-06,ETH,ENTER,"8 contract(s) @ 2699.35, stop 2552.79, risk $117 (2.3%)"
2026-10-06,SOL,ENTER,"2 contract(s) @ 120.85, stop 111.7, risk $92 (1.8%)"
2026-10-06,XRP,SKIP,open-risk cap 8% reached
2026-10-07,ETH,EXIT,"8 @ 2551.51 (stop hit (intraday, live 2548)), P&L $-123.31 = -1.01R"
2026-10-07,XRP,ENTER,"1 contract(s) @ 1.42151, stop 1.28533, risk $68 (1.4%)"
2026-10-08,SOL,EXIT,"2 @ 111.644 (stop hit (intraday, live 111.5)), P&L $-94.82 = -1.00R"
2026-10-08,BTC,EXIT,"3 @ 81425 (stop hit (intraday, live 81425)), P&L $-131.38 = -1.01R"
