date,equity,open_positions,open_risk_usd,overnight_margin_usd
2026-09-24,1995.74,3,203.3,685.29
2026-09-25,2018.81,3,223.1,694.17
2026-09-26,2020.33,3,200.65,694.3
2026-09-27,2019.06,3,194.06,694.42
2026-09-28,1991.36,4,297.34,965.59
2026-09-29,1986.43,4,289.99,964.23
2026-09-30,1982.44,4,289.99,962.63
2026-10-01,2008.98,4,289.69,935.45
2026-10-02,1985.71,4,256.01,929.4
2026-10-03,2001.8,4,247.4,933.95
2026-10-04,2060.96,4,242.12,951.21
2026-10-05,2036.52,4,204.95,944.28
2026-10-06,2023.96,4,193.25,940.72
2026-10-07,1883.24,3,128.89,653.07
2026-10-08,1805.25,0,0,0
