utc_time,product,funding_rate_hourly,funding_time,price,open_interest,index_price
2026-09-26 13:47,BIP-20DEC30-CDE,0.000005,2026-09-26T13:00:00Z,83905,153769,83910.868896
2026-09-26 13:47,ETP-20DEC30-CDE,0.00001,2026-09-26T13:00:00Z,2685,230491,2683.08681
2026-09-26 13:47,SLP-20DEC30-CDE,0.000018,2026-09-26T13:00:00Z,120.67,37406,120.590022
2026-09-26 13:47,XPP-20DEC30-CDE,0.00002,2026-09-26T13:00:00Z,1.5398,47251,1.539057
2026-09-26 13:47,DOP-20DEC30-CDE,0.000024,2026-09-26T13:00:00Z,0.09716,3464,0.097052
2026-09-26 13:47,ADP-20DEC30-CDE,-0.000007,2026-09-26T13:00:00Z,0.255,8749,0.255073
2026-09-26 13:47,LCP-20DEC30-CDE,0.000027,2026-09-26T13:00:00Z,72.06,5038,72.033992
2026-09-26 13:47,LNP-20DEC30-CDE,0.000011,2026-09-26T13:00:00Z,14.202,5342,14.218189
2026-09-26 13:47,AVP-20DEC30-CDE,0.000038,2026-09-26T13:00:00Z,10.71,14580,10.75127
2026-09-26 13:47,SUP-20DEC30-CDE,0.000031,2026-09-26T13:00:00Z,1.1713,7274,1.170122
2026-09-26 13:47,ZEC-20DEC30-CDE,0.000028,2026-09-26T13:00:00Z,1533.75,9015,1534.287362
2026-09-26 13:47,HYP-20DEC30-CDE,-0.000003,2026-09-26T13:00:00Z,91.86,8234,91.889475
